Keyword,URL,Category,Sub-Category
play school near me,https://www.sulekha.com/playschools/,Education,Play Schools
best preschool in pune,https://www.sulekha.com/preschools/pune,Education,Pre Schools
doctor near me,https://www.practo.com/doctors,Healthcare,Doctors
dentist in bangalore,https://www.sulekha.com/dentists/bangalore,Healthcare,Dentists
homeopathy pharmacies near me,https://www.sulekha.com/homeopathy-pharmacies/,Healthcare,Homeopathy
packers and movers in hyderabad,https://www.sulekha.com/packers-and-movers/hyderabad,Services,Packers & Movers
plumber near me,https://www.sulekha.com/plumbers/,Services,Plumbers
interior designers in mumbai,https://www.sulekha.com/interior-designers/mumbai,Services,Interior Design
pest control services,https://www.sulekha.com/pest-control/,Services,Pest Control
driving school near me,https://www.sulekha.com/driving-schools/,Automotive,Driving Schools
gym membership near me,https://www.sulekha.com/gym/,Services,Gym / Fitness
yoga classes pune,https://www.sulekha.com/yoga/pune,Services,Yoga
best restaurants in koramangala,https://www.zomato.com/bangalore/koramangala-restaurants,Food & Dining,Restaurants
flat for rent in hsr layout,https://www.99acres.com/flats-in-hsr-layout-bangalore,Real Estate,Flats
pg near electronic city,https://www.sulekha.com/pg/electronic-city-bangalore,Real Estate,PG / Paying Guest
physiotherapy clinics near me,https://www.sulekha.com/physiotherapy/,Healthcare,Physiotherapy
beauty parlour near me,https://www.sulekha.com/beauty-parlour/,Services,Beauty Parlour
wedding photographers,https://www.sulekha.com/photography/wedding,Services,Photography
nursery school admission,https://www.sulekha.com/nursery/,Education,Nursery Schools
AC repair service,https://www.sulekha.com/ac-repair/,Services,AC Repair
chartered accountant near me,https://www.sulekha.com/chartered-accountants/,Legal & Finance,Chartered Accountants
lawyer for property dispute,https://www.sulekha.com/lawyers/,Legal & Finance,Lawyers
computer training institute,https://www.sulekha.com/computer-training/,Education,Computer Training
car service center near me,https://www.sulekha.com/car-service/,Services,Car Service
catering services for wedding,https://www.sulekha.com/catering/,Services,Catering
furniture shops near me,https://www.sulekha.com/furniture/,Shopping,Furniture
spoken english classes,https://www.sulekha.com/spoken-english/,Education,Spoken English
eye hospital in pune,https://www.sulekha.com/eye-hospitals/pune,Healthcare,Eye Hospitals
courier service near me,https://www.sulekha.com/courier/,Services,Courier
taxi booking online,https://www.sulekha.com/taxi/,Services,Taxi Services
best salon for haircut,https://www.sulekha.com/salon/,Services,Salon
tiffin service near me,https://www.sulekha.com/tiffin/,Food & Dining,Tiffin Services
sweet shops in delhi,https://www.sulekha.com/sweet-shops/delhi,Food & Dining,Sweet Shops
security services for office,https://www.sulekha.com/security-services/,Services,Security Services
event management company,https://www.sulekha.com/event-management/,Services,Event Management
insurance agent near me,https://www.sulekha.com/insurance/,Legal & Finance,Insurance
loan consultant,https://www.sulekha.com/loans/,Legal & Finance,Loans
bike dealers in pune,https://www.sulekha.com/bike-dealers/pune,Automotive,Bike Dealers
tyre shop near me,https://www.sulekha.com/tyre-dealers/,Automotive,Tyre Dealers
grocery store near me,https://www.sulekha.com/grocery/,Shopping,Grocery
jewellery shop in mumbai,https://www.sulekha.com/jewellery/mumbai,Shopping,Jewellery
diagnostic center near me,https://www.sulekha.com/diagnostics/,Healthcare,Diagnostics
bakery shops near me,https://www.sulekha.com/bakery/,Food & Dining,Bakery
electronics showroom,https://www.sulekha.com/electronics/,Shopping,Electronics
mobile repair shop,https://www.sulekha.com/mobiles/,Shopping,Mobile Phones
laundry service near me,https://www.sulekha.com/laundry/,Services,Laundry
cleaning service for home,https://www.sulekha.com/cleaning-services/,Services,Cleaning Services
builders in bangalore,https://www.sulekha.com/builders/bangalore,Real Estate,Builders
commercial property for rent,https://www.sulekha.com/commercial-property/,Real Estate,Commercial Property
hostel for students,https://www.sulekha.com/hostel/,Real Estate,Hostel
